Tolerance,Jacobi-It,Sor-It,Jacobi-Err,Sor-Err
0.01,119,100,4015.7,207.183
0.001,705,287,3163.01,4.73612
0.0001,2203,390,2300.31,0.640017
0.00001,10582,518,514.354,0.0401574
0.000001,15784,592,200.884,0.0184611
0.0000001,16521,1046,175.788,0.00545286
0.00000001,20577,2024,84.2927,0.00592994
0.000000001,22830,751499,56.0244,0.00602986
0.0000000001,23268,1225557,51.7466,0.00668969
0.00000000001,23268,1225557,51.7466,0.00668969
