N,Jacobi Iterations,SOR Iterations,Jacobi Time (s),SOR Time (s),Speedup
50,2191,157,0.008671,0.000720,12.04
100,8259,313,0.129640,0.005774,22.45
150,17771,492,0.606219,0.021641,28.01
200,30345,695,1.851153,0.051350,36.05
250,45951,820,4.285987,0.093565,45.81
300,64267,878,8.848372,0.154007,57.45
350,85383,1083,15.845560,0.246080,64.39
400,108973,1370,26.472728,0.402320,65.80
450,135207,1418,41.447484,0.535471,77.40
