N,Jacobi Iterations,SOR Iterations,Jacobi Time (s),SOR Time (s),Speedup
50,2191,157,0.008595,0.000702,12.25
100,8259,313,0.130049,0.005768,22.55
150,17771,492,0.644386,0.021318,30.23
200,30345,695,1.913095,0.056801,33.68
250,45951,820,4.461214,0.094263,47.33
300,64267,878,9.237517,0.157930,58.49
350,85383,1083,17.075869,0.250117,68.27
400,108973,1370,27.198335,0.409862,66.36
450,135207,1418,45.593815,0.551058,82.74
