N,Jacobi-It,Gauss-It,SOR-It,Jacobi-Time,Gauss-Time,SOR-Time
50,2191,1191,157,0.008536301,0.005569779,0.000708221
100,8259,4530,313,0.128461954,0.084526962,0.005635581
150,17771,9812,492,0.612412573,0.426692483,0.021498902
200,30345,16834,695,1.7941094199999998,1.234908551,0.05015671
250,45951,25595,820,4.248367521,3.191312998,0.126685091
300,64267,35916,878,9.979171647,6.340759609,0.146483356
350,85383,47866,1083,19.010017887,11.438269808,0.242163939
400,108973,61252,1370,25.788287814,18.184259474,0.402514987
450,135207,76193,1418,42.896363475,28.515156351,0.534727426
