N,Jacobi Iterations,SOR Iterations,Jacobi Time (s),SOR Time (s),Speedup
50,2190,156,0.008237,0.000793,10.39
100,8258,312,0.122181,0.006600,18.51
150,17770,491,0.574705,0.024960,23.02
200,30344,694,1.769835,0.060655,29.18
250,45950,819,4.295341,0.114576,37.49
300,64266,877,8.230673,0.175432,46.92
350,85382,1082,14.933417,0.292784,51.00
400,108972,1369,25.778221,0.479798,53.73
450,135206,1417,39.420567,0.648850,60.75
